{"cameraMode":{"drawMode":0,"name":"Shaded","section":"Shading Mode"},"sceneLighting":true,"audioPlay":false,"sceneViewState":{"showFog":false,"showMaterialUpdate":false,"showSkybox":false,"showFlares":false,"showImageEffects":false,"showParticleSystems":false},"in2DMode":false,"pivot":{"x":7.152557373046875e-7,"y":-0.000007152557373046875,"z":0.000003814697265625},"rotation":{"x":-0.006982752587646246,"y":0.9605269432067871,"z":-0.2770457863807678,"w":-0.02420932613313198},"size":7.49936056137085,"orthographic":false}